_RAJ2000,_DEJ2000,Group,RAJ2000,DEJ2000,zUV,nUV,ngal,nz,mz,r{theta},Rij,sigmalos,Simbad,NAME
0.0955417,-22.5871111,http://vizier.u-strasbg.fr/viz-bin/VizieR-4?-info=XML&-out.add=.&-source=J/MNRAS/453/1965&Group=  1,00 00 22.93,-22 35 13.6,,4,4,0,0,0.913,,,Simbad,1
0.34475,13.1089167,http://vizier.u-strasbg.fr/viz-bin/VizieR-4?-info=XML&-out.add=.&-source=J/MNRAS/453/1965&Group=  2,00 01 22.74,+13 06 32.1,0.017899,4,4,3,3,1.611,32.94,193.85,Simbad,2
2.8417917,-53.9554444,http://vizier.u-strasbg.fr/viz-bin/VizieR-4?-info=XML&-out.add=.&-source=J/MNRAS/453/1965&Group=  3,00 11 22.03,-53 57 19.6,0.041719,4,3,1,1,1.249,,,Simbad,3
3.3276667,-41.5796389,http://vizier.u-strasbg.fr/viz-bin/VizieR-4?-info=XML&-out.add=.&-source=J/MNRAS/453/1965&Group=  4,00 13 18.64,-41 34 46.7,,4,3,0,0,1.027,,,Simbad,4
3.5375833,-22.5641389,http://vizier.u-strasbg.fr/viz-bin/VizieR-4?-info=XML&-out.add=.&-source=J/MNRAS/453/1965&Group=  5,00 14 09.02,-22 33 50.9,,4,4,0,0,1.149,,,Simbad,5
4.443125,-69.1486111,http://vizier.u-strasbg.fr/viz-bin/VizieR-4?-info=XML&-out.add=.&-source=J/MNRAS/453/1965&Group=  6,00 17 46.35,-69 08 55.0,,4,3,0,0,1.336,,,Simbad,6
4.6199583,-42.1275556,http://vizier.u-strasbg.fr/viz-bin/VizieR-4?-info=XML&-out.add=.&-source=J/MNRAS/453/1965&Group=  7,00 18 28.79,-42 07 39.2,0.093258,4,3,1,1,0.891,,,Simbad,7
4.6624583,-35.9526667,http://vizier.u-strasbg.fr/viz-bin/VizieR-4?-info=XML&-out.add=.&-source=J/MNRAS/453/1965&Group=  8,00 18 38.99,-35 57 09.6,0.012953,4,4,2,2,0.888,,,Simbad,8
5.37225,38.0853056,http://vizier.u-strasbg.fr/viz-bin/VizieR-4?-info=XML&-out.add=.&-source=J/MNRAS/453/1965&Group=  9,00 21 29.34,+38 05 07.1,0.035708,4,3,2,2,1.161,,,Simbad,9
5.67,-20.5771667,http://vizier.u-strasbg.fr/viz-bin/VizieR-4?-info=XML&-out.add=.&-source=J/MNRAS/453/1965&Group= 10,00 22 40.80,-20 34 37.8,0.051799,4,3,1,1,1.041,,,Simbad,10
7.8092917,-25.4954444,http://vizier.u-strasbg.fr/viz-bin/VizieR-4?-info=XML&-out.add=.&-source=J/MNRAS/453/1965&Group= 11,00 31 14.23,-25 29 43.6,0.09295,4,4,2,2,1.091,,,Simbad,11
8.6237083,39.5873611,http://vizier.u-strasbg.fr/viz-bin/VizieR-4?-info=XML&-out.add=.&-source=J/MNRAS/453/1965&Group= 12,00 34 29.69,+39 35 14.5,0.019458,4,2,2,2,1.634,,,Simbad,12
9.283,-63.4406389,http://vizier.u-strasbg.fr/viz-bin/VizieR-4?-info=XML&-out.add=.&-source=J/MNRAS/453/1965&Group= 13,00 37 07.92,-63 26 26.3,0.041095,4,3,1,1,0.984,,,Simbad,13
9.4255417,-9.0566389,http://vizier.u-strasbg.fr/viz-bin/VizieR-4?-info=XML&-out.add=.&-source=J/MNRAS/453/1965&Group= 14,00 37 42.13,-09 03 23.9,0.076528,4,4,3,3,0.761,74.83,228.04,Simbad,14
9.4815417,-25.0715556,http://vizier.u-strasbg.fr/viz-bin/VizieR-4?-info=XML&-out.add=.&-source=J/MNRAS/453/1965&Group= 15,00 37 55.57,-25 04 17.6,0.063567,4,3,3,2,1.152,,,Simbad,15
12.0082083,-63.1528889,http://vizier.u-strasbg.fr/viz-bin/VizieR-4?-info=XML&-out.add=.&-source=J/MNRAS/453/1965&Group= 16,00 48 01.97,-63 09 10.4,0.086353,4,4,2,1,1.087,,,Simbad,16
12.2406667,-45.7701944,http://vizier.u-strasbg.fr/viz-bin/VizieR-4?-info=XML&-out.add=.&-source=J/MNRAS/453/1965&Group= 17,00 48 57.76,-45 46 12.7,,4,4,0,0,0.809,,,Simbad,17
12.2949167,-18.2951944,http://vizier.u-strasbg.fr/viz-bin/VizieR-4?-info=XML&-out.add=.&-source=J/MNRAS/453/1965&Group= 18,00 49 10.78,-18 17 42.7,0.159397,4,3,1,1,1.461,,,Simbad,18
12.86175,-23.2156389,http://vizier.u-strasbg.fr/viz-bin/VizieR-4?-info=XML&-out.add=.&-source=J/MNRAS/453/1965&Group= 19,00 51 26.82,-23 12 56.3,,4,3,0,0,0.658,,,Simbad,19
13.0451667,-1.1171389,http://vizier.u-strasbg.fr/viz-bin/VizieR-4?-info=XML&-out.add=.&-source=J/MNRAS/453/1965&Group= 20,00 52 10.84,-01 07 01.7,0.0413,4,4,3,2,0.596,,,Simbad,20
13.2279583,-13.2846667,http://vizier.u-strasbg.fr/viz-bin/VizieR-4?-info=XML&-out.add=.&-source=J/MNRAS/453/1965&Group= 21,00 52 54.71,-13 17 04.8,,4,4,0,0,1.206,,,Simbad,21
14.4054583,-35.7571944,http://vizier.u-strasbg.fr/viz-bin/VizieR-4?-info=XML&-out.add=.&-source=J/MNRAS/453/1965&Group= 22,00 57 37.31,-35 45 25.9,0.1259,4,4,1,1,0.948,,,Simbad,22
15.5714583,-17.2013889,http://vizier.u-strasbg.fr/viz-bin/VizieR-4?-info=XML&-out.add=.&-source=J/MNRAS/453/1965&Group= 23,01 02 17.15,-17 12 05.0,0.067744,4,3,1,1,1.375,,,Simbad,23
16.0889167,-51.0198333,http://vizier.u-strasbg.fr/viz-bin/VizieR-4?-info=XML&-out.add=.&-source=J/MNRAS/453/1965&Group= 24,01 04 21.34,-51 01 11.4,0.062667,4,4,3,1,1.018,,,Simbad,24
16.1673333,-2.1336944,http://vizier.u-strasbg.fr/viz-bin/VizieR-4?-info=XML&-out.add=.&-source=J/MNRAS/453/1965&Group= 25,01 04 40.16,-02 08 01.3,,4,3,0,0,0.949,,,Simbad,25
16.8251667,-32.83475,http://vizier.u-strasbg.fr/viz-bin/VizieR-4?-info=XML&-out.add=.&-source=J/MNRAS/453/1965&Group= 26,01 07 18.04,-32 50 05.1,0.035194,4,4,4,1,1.033,,,Simbad,26
18.1803333,14.3776111,http://vizier.u-strasbg.fr/viz-bin/VizieR-4?-info=XML&-out.add=.&-source=J/MNRAS/453/1965&Group= 27,01 12 43.28,+14 22 39.4,0.093823,4,4,3,2,1.19,,,Simbad,27
20.2665417,-32.0529444,http://vizier.u-strasbg.fr/viz-bin/VizieR-4?-info=XML&-out.add=.&-source=J/MNRAS/453/1965&Group= 28,01 21 03.97,-32 03 10.6,0.0723,4,4,4,3,1.253,117.23,66.07,Simbad,28
20.4132083,-38.0785556,http://vizier.u-strasbg.fr/viz-bin/VizieR-4?-info=XML&-out.add=.&-source=J/MNRAS/453/1965&Group= 29,01 21 39.17,-38 04 42.8,0.11502,4,4,2,2,1.364,,,Simbad,29
21.1607083,-8.18725,http://vizier.u-strasbg.fr/viz-bin/VizieR-4?-info=XML&-out.add=.&-source=J/MNRAS/453/1965&Group= 30,01 24 38.57,-08 11 14.1,,4,4,0,0,1.022,,,Simbad,30
23.1335417,-54.6343611,http://vizier.u-strasbg.fr/viz-bin/VizieR-4?-info=XML&-out.add=.&-source=J/MNRAS/453/1965&Group= 31,01 32 32.05,-54 38 03.7,,4,4,0,0,0.71,,,Simbad,31
23.4275417,-69.3213889,http://vizier.u-strasbg.fr/viz-bin/VizieR-4?-info=XML&-out.add=.&-source=J/MNRAS/453/1965&Group= 32,01 33 42.61,-69 19 17.0,,4,3,0,0,1.016,,,Simbad,32
23.9123333,-2.0943333,http://vizier.u-strasbg.fr/viz-bin/VizieR-4?-info=XML&-out.add=.&-source=J/MNRAS/453/1965&Group= 33,01 35 38.96,-02 05 39.6,,4,3,0,0,0.949,,,Simbad,33
24.6247083,-40.0130833,http://vizier.u-strasbg.fr/viz-bin/VizieR-4?-info=XML&-out.add=.&-source=J/MNRAS/453/1965&Group= 34,01 38 29.93,-40 00 47.1,0.025227,4,3,2,1,1.281,,,Simbad,34
25.5689167,-54.4324167,http://vizier.u-strasbg.fr/viz-bin/VizieR-4?-info=XML&-out.add=.&-source=J/MNRAS/453/1965&Group= 35,01 42 16.54,-54 25 56.7,0.060688,4,3,2,2,1.011,,,Simbad,35
26.9006667,-30.25825,http://vizier.u-strasbg.fr/viz-bin/VizieR-4?-info=XML&-out.add=.&-source=J/MNRAS/453/1965&Group= 36,01 47 36.16,-30 15 29.7,0.0428,4,4,3,3,0.734,73.47,50.96,Simbad,36
27.0494167,-15.12075,http://vizier.u-strasbg.fr/viz-bin/VizieR-4?-info=XML&-out.add=.&-source=J/MNRAS/453/1965&Group= 37,01 48 11.86,-15 07 14.7,,4,4,0,0,0.981,,,Simbad,37
27.1867917,13.7075833,http://vizier.u-strasbg.fr/viz-bin/VizieR-4?-info=XML&-out.add=.&-source=J/MNRAS/453/1965&Group= 38,01 48 44.83,+13 42 27.3,0.04476,4,4,4,3,1.085,56.43,42.89,Simbad,38
29.668125,-33.7573889,http://vizier.u-strasbg.fr/viz-bin/VizieR-4?-info=XML&-out.add=.&-source=J/MNRAS/453/1965&Group= 39,01 58 40.35,-33 45 26.6,0.062604,4,4,2,1,0.966,,,Simbad,39
30.9626667,-31.1516667,http://vizier.u-strasbg.fr/viz-bin/VizieR-4?-info=XML&-out.add=.&-source=J/MNRAS/453/1965&Group= 40,02 03 51.04,-31 09 06.0,0.0289,4,4,2,1,0.798,,,Simbad,40
33.6791667,-41.6420833,http://vizier.u-strasbg.fr/viz-bin/VizieR-4?-info=XML&-out.add=.&-source=J/MNRAS/453/1965&Group= 41,02 14 43.00,-41 38 31.5,,4,3,0,0,1.174,,,Simbad,41
35.61425,-18.6029444,http://vizier.u-strasbg.fr/viz-bin/VizieR-4?-info=XML&-out.add=.&-source=J/MNRAS/453/1965&Group= 42,02 22 27.42,-18 36 10.6,,4,3,0,0,0.922,,,Simbad,42
36.2202917,-27.2798889,http://vizier.u-strasbg.fr/viz-bin/VizieR-4?-info=XML&-out.add=.&-source=J/MNRAS/453/1965&Group= 43,02 24 52.87,-27 16 47.6,0.060526,4,4,3,2,1.1,,,Simbad,43
37.0257917,-61.0581944,http://vizier.u-strasbg.fr/viz-bin/VizieR-4?-info=XML&-out.add=.&-source=J/MNRAS/453/1965&Group= 44,02 28 06.19,-61 03 29.5,,4,4,0,0,0.579,,,Simbad,44
40.4589167,-20.8103611,http://vizier.u-strasbg.fr/viz-bin/VizieR-4?-info=XML&-out.add=.&-source=J/MNRAS/453/1965&Group= 45,02 41 50.14,-20 48 37.3,0.01016,4,4,2,1,0.714,,,Simbad,45
41.469375,-5.5765278,http://vizier.u-strasbg.fr/viz-bin/VizieR-4?-info=XML&-out.add=.&-source=J/MNRAS/453/1965&Group= 46,02 45 52.65,-05 34 35.5,,4,4,0,0,0.917,,,Simbad,46
43.4509167,-41.9697222,http://vizier.u-strasbg.fr/viz-bin/VizieR-4?-info=XML&-out.add=.&-source=J/MNRAS/453/1965&Group= 47,02 53 48.22,-41 58 11.0,0.069815,4,4,1,1,0.909,,,Simbad,47
45.0448333,-36.3618611,http://vizier.u-strasbg.fr/viz-bin/VizieR-4?-info=XML&-out.add=.&-source=J/MNRAS/453/1965&Group= 48,03 00 10.76,-36 21 42.7,0.09375,4,3,2,2,0.819,,,Simbad,48
46.5577917,-42.6678889,http://vizier.u-strasbg.fr/viz-bin/VizieR-4?-info=XML&-out.add=.&-source=J/MNRAS/453/1965&Group= 49,03 06 13.87,-42 40 04.4,,4,3,0,0,0.944,,,Simbad,49
47.150375,-47.2744167,http://vizier.u-strasbg.fr/viz-bin/VizieR-4?-info=XML&-out.add=.&-source=J/MNRAS/453/1965&Group= 50,03 08 36.09,-47 16 27.9,,4,3,0,0,0.767,,,Simbad,50
47.5481667,-35.0159444,http://vizier.u-strasbg.fr/viz-bin/VizieR-4?-info=XML&-out.add=.&-source=J/MNRAS/453/1965&Group= 51,03 10 11.56,-35 00 57.4,,4,3,0,0,1.039,,,Simbad,51
50.0976667,-40.1931667,http://vizier.u-strasbg.fr/viz-bin/VizieR-4?-info=XML&-out.add=.&-source=J/MNRAS/453/1965&Group= 52,03 20 23.44,-40 11 35.4,,4,3,0,0,1.338,,,Simbad,52
51.6352083,-42.8299167,http://vizier.u-strasbg.fr/viz-bin/VizieR-4?-info=XML&-out.add=.&-source=J/MNRAS/453/1965&Group= 53,03 26 32.45,-42 49 47.7,,4,3,0,0,0.969,,,Simbad,53
52.9541667,-39.6227778,http://vizier.u-strasbg.fr/viz-bin/VizieR-4?-info=XML&-out.add=.&-source=J/MNRAS/453/1965&Group= 54,03 31 49.00,-39 37 22.0,0.10668,4,3,1,1,0.894,,,Simbad,54
53.264125,-47.6635833,http://vizier.u-strasbg.fr/viz-bin/VizieR-4?-info=XML&-out.add=.&-source=J/MNRAS/453/1965&Group= 55,03 33 03.39,-47 39 48.9,,4,3,0,0,0.618,,,Simbad,55
53.440625,-30.3148889,http://vizier.u-strasbg.fr/viz-bin/VizieR-4?-info=XML&-out.add=.&-source=J/MNRAS/453/1965&Group= 56,03 33 45.75,-30 18 53.6,0.1064,4,4,3,2,0.884,,,Simbad,56
53.8064167,-33.4764722,http://vizier.u-strasbg.fr/viz-bin/VizieR-4?-info=XML&-out.add=.&-source=J/MNRAS/453/1965&Group= 57,03 35 13.54,-33 28 35.3,,4,4,0,0,1.343,,,Simbad,57
54.5381667,-47.3976111,http://vizier.u-strasbg.fr/viz-bin/VizieR-4?-info=XML&-out.add=.&-source=J/MNRAS/453/1965&Group= 58,03 38 09.16,-47 23 51.4,,4,4,0,0,0.927,,,Simbad,58
55.1354583,-48.6305556,http://vizier.u-strasbg.fr/viz-bin/VizieR-4?-info=XML&-out.add=.&-source=J/MNRAS/453/1965&Group= 59,03 40 32.51,-48 37 50.0,,4,3,0,0,0.674,,,Simbad,59
55.6182083,-41.1549167,http://vizier.u-strasbg.fr/viz-bin/VizieR-4?-info=XML&-out.add=.&-source=J/MNRAS/453/1965&Group= 60,03 42 28.37,-41 09 17.7,0.004923,4,3,1,1,0.793,,,Simbad,60
56.4275833,-12.2838889,http://vizier.u-strasbg.fr/viz-bin/VizieR-4?-info=XML&-out.add=.&-source=J/MNRAS/453/1965&Group= 61,03 45 42.62,-12 17 02.0,0.030718,4,3,1,1,1.145,,,Simbad,61
57.732375,-38.0700833,http://vizier.u-strasbg.fr/viz-bin/VizieR-4?-info=XML&-out.add=.&-source=J/MNRAS/453/1965&Group= 62,03 50 55.77,-38 04 12.3,,4,3,0,0,1.431,,,Simbad,62
60.3227083,-65.0079167,http://vizier.u-strasbg.fr/viz-bin/VizieR-4?-info=XML&-out.add=.&-source=J/MNRAS/453/1965&Group= 63,04 01 17.45,-65 00 28.5,,4,4,0,0,1.12,,,Simbad,63
64.178375,0.272,http://vizier.u-strasbg.fr/viz-bin/VizieR-4?-info=XML&-out.add=.&-source=J/MNRAS/453/1965&Group= 64,04 16 42.81,+00 16 19.2,0.03355,4,2,2,2,1.124,,,Simbad,64
67.545,6.9407778,http://vizier.u-strasbg.fr/viz-bin/VizieR-4?-info=XML&-out.add=.&-source=J/MNRAS/453/1965&Group= 65,04 30 10.80,+06 56 26.8,0.014563,4,3,1,1,0.376,,,Simbad,65
70.5397083,-23.2447778,http://vizier.u-strasbg.fr/viz-bin/VizieR-4?-info=XML&-out.add=.&-source=J/MNRAS/453/1965&Group= 66,04 42 09.53,-23 14 41.2,0.067166,4,4,1,1,0.773,,,Simbad,66
71.0974583,-21.8756944,http://vizier.u-strasbg.fr/viz-bin/VizieR-4?-info=XML&-out.add=.&-source=J/MNRAS/453/1965&Group= 67,04 44 23.39,-21 52 32.5,0.075992,4,4,1,1,1.296,,,Simbad,67
73.3631667,-36.2533889,http://vizier.u-strasbg.fr/viz-bin/VizieR-4?-info=XML&-out.add=.&-source=J/MNRAS/453/1965&Group= 68,04 53 27.16,-36 15 12.2,,4,4,0,0,1.046,,,Simbad,68
76.125,-18.6861944,http://vizier.u-strasbg.fr/viz-bin/VizieR-4?-info=XML&-out.add=.&-source=J/MNRAS/453/1965&Group= 69,05 04 30.00,-18 41 10.3,0.079085,4,3,1,1,1.478,,,Simbad,69
79.1239583,-48.5549722,http://vizier.u-strasbg.fr/viz-bin/VizieR-4?-info=XML&-out.add=.&-source=J/MNRAS/453/1965&Group= 70,05 16 29.75,-48 33 17.9,,4,3,0,0,1.001,,,Simbad,70
83.3781667,-27.6739444,http://vizier.u-strasbg.fr/viz-bin/VizieR-4?-info=XML&-out.add=.&-source=J/MNRAS/453/1965&Group= 71,05 33 30.76,-27 40 26.2,,4,4,0,0,1.168,,,Simbad,71
97.2095833,-69.6947222,http://vizier.u-strasbg.fr/viz-bin/VizieR-4?-info=XML&-out.add=.&-source=J/MNRAS/453/1965&Group= 72,06 28 50.30,-69 41 41.0,0.03368,4,4,1,1,1.096,,,Simbad,72
123.2194167,47.42675,http://vizier.u-strasbg.fr/viz-bin/VizieR-4?-info=XML&-out.add=.&-source=J/MNRAS/453/1965&Group= 73,08 12 52.66,+47 25 36.3,0.03947,4,3,1,1,0.997,,,Simbad,73
128.680125,15.7845556,http://vizier.u-strasbg.fr/viz-bin/VizieR-4?-info=XML&-out.add=.&-source=J/MNRAS/453/1965&Group= 74,08 34 43.23,+15 47 04.4,0.106012,4,4,4,3,1.442,162.81,105.53,Simbad,74
129.7189583,1.4,http://vizier.u-strasbg.fr/viz-bin/VizieR-4?-info=XML&-out.add=.&-source=J/MNRAS/453/1965&Group= 75,08 38 52.55,+01 24 00.0,0.029158,4,3,2,2,0.904,,,Simbad,75
134.3137917,39.2606667,http://vizier.u-strasbg.fr/viz-bin/VizieR-4?-info=XML&-out.add=.&-source=J/MNRAS/453/1965&Group= 76,08 57 15.31,+39 15 38.4,0.028614,4,3,2,1,1.306,,,Simbad,76
137.1685417,30.8873056,http://vizier.u-strasbg.fr/viz-bin/VizieR-4?-info=XML&-out.add=.&-source=J/MNRAS/453/1965&Group= 77,09 08 40.45,+30 53 14.3,0.063449,4,3,3,3,0.613,79.51,144.57,Simbad,77
139.939,55.5796111,http://vizier.u-strasbg.fr/viz-bin/VizieR-4?-info=XML&-out.add=.&-source=J/MNRAS/453/1965&Group= 78,09 19 45.36,+55 34 46.6,0.048463,4,3,2,2,1.167,,,Simbad,78
143.03725,15.9977222,http://vizier.u-strasbg.fr/viz-bin/VizieR-4?-info=XML&-out.add=.&-source=J/MNRAS/453/1965&Group= 79,09 32 08.94,+15 59 51.8,0.040148,4,4,3,3,1.194,68.91,78.33,Simbad,79
145.443875,37.1126389,http://vizier.u-strasbg.fr/viz-bin/VizieR-4?-info=XML&-out.add=.&-source=J/MNRAS/453/1965&Group= 80,09 41 46.53,+37 06 45.5,0.050991,4,3,2,1,1.306,,,Simbad,80
146.138875,28.5391667,http://vizier.u-strasbg.fr/viz-bin/VizieR-4?-info=XML&-out.add=.&-source=J/MNRAS/453/1965&Group= 81,09 44 33.33,+28 32 21.0,0.052644,4,4,2,1,0.959,,,Simbad,81
151.7129583,53.4379167,http://vizier.u-strasbg.fr/viz-bin/VizieR-4?-info=XML&-out.add=.&-source=J/MNRAS/453/1965&Group= 82,10 06 51.11,+53 26 16.5,0.045749,4,2,2,2,1.306,,,Simbad,82
152.0339167,42.9464167,http://vizier.u-strasbg.fr/viz-bin/VizieR-4?-info=XML&-out.add=.&-source=J/MNRAS/453/1965&Group= 83,10 08 08.14,+42 56 47.1,0.073963,4,3,1,1,1.382,,,Simbad,83
152.654375,64.2138333,http://vizier.u-strasbg.fr/viz-bin/VizieR-4?-info=XML&-out.add=.&-source=J/MNRAS/453/1965&Group= 84,10 10 37.05,+64 12 49.8,0.039536,4,3,1,1,0.878,,,Simbad,84
153.2542083,17.0413611,http://vizier.u-strasbg.fr/viz-bin/VizieR-4?-info=XML&-out.add=.&-source=J/MNRAS/453/1965&Group= 85,10 13 01.01,+17 02 28.9,0.022057,4,4,4,3,1.077,32.78,17.68,Simbad,85
154.6159167,49.8503056,http://vizier.u-strasbg.fr/viz-bin/VizieR-4?-info=XML&-out.add=.&-source=J/MNRAS/453/1965&Group= 86,10 18 27.82,+49 51 01.1,0.140841,4,4,2,1,1.024,,,Simbad,86
155.6260417,36.58575,http://vizier.u-strasbg.fr/viz-bin/VizieR-4?-info=XML&-out.add=.&-source=J/MNRAS/453/1965&Group= 87,10 22 30.25,+36 35 08.7,0.026795,4,4,3,2,0.921,,,Simbad,87
155.9442917,33.4133889,http://vizier.u-strasbg.fr/viz-bin/VizieR-4?-info=XML&-out.add=.&-source=J/MNRAS/453/1965&Group= 88,10 23 46.63,+33 24 48.2,0.11571,4,4,3,2,0.876,,,Simbad,88
157.026625,31.216,http://vizier.u-strasbg.fr/viz-bin/VizieR-4?-info=XML&-out.add=.&-source=J/MNRAS/453/1965&Group= 89,10 28 06.39,+31 12 57.6,0.044971,4,3,1,1,1.065,,,Simbad,89
160.1052083,24.2295556,http://vizier.u-strasbg.fr/viz-bin/VizieR-4?-info=XML&-out.add=.&-source=J/MNRAS/453/1965&Group= 90,10 40 25.25,+24 13 46.4,0.043596,4,4,3,2,0.705,,,Simbad,90
161.0794167,2.7973333,http://vizier.u-strasbg.fr/viz-bin/VizieR-4?-info=XML&-out.add=.&-source=J/MNRAS/453/1965&Group= 91,10 44 19.06,+02 47 50.4,0.021994,4,4,4,3,0.719,26.92,35.7,Simbad,91
161.5885833,43.024,http://vizier.u-strasbg.fr/viz-bin/VizieR-4?-info=XML&-out.add=.&-source=J/MNRAS/453/1965&Group= 92,10 46 21.26,+43 01 26.4,0.074186,4,4,3,3,0.801,88.85,74.37,Simbad,92
161.7975,-2.3365833,http://vizier.u-strasbg.fr/viz-bin/VizieR-4?-info=XML&-out.add=.&-source=J/MNRAS/453/1965&Group= 93,10 47 11.40,-02 20 11.7,0.036855,4,3,3,2,1.3,,,Simbad,93
163.0066667,45.5996111,http://vizier.u-strasbg.fr/viz-bin/VizieR-4?-info=XML&-out.add=.&-source=J/MNRAS/453/1965&Group= 94,10 52 01.60,+45 35 58.6,0.130984,4,4,2,2,0.904,,,Simbad,94
164.8655833,4.4446111,http://vizier.u-strasbg.fr/viz-bin/VizieR-4?-info=XML&-out.add=.&-source=J/MNRAS/453/1965&Group= 95,10 59 27.74,+04 26 40.6,0.062221,4,3,1,1,0.686,,,Simbad,95
165.2894583,16.7451944,http://vizier.u-strasbg.fr/viz-bin/VizieR-4?-info=XML&-out.add=.&-source=J/MNRAS/453/1965&Group= 96,11 01 09.47,+16 44 42.7,0.028677,4,3,1,1,1.303,,,Simbad,96
167.52375,-1.01125,http://vizier.u-strasbg.fr/viz-bin/VizieR-4?-info=XML&-out.add=.&-source=J/MNRAS/453/1965&Group= 97,11 10 05.70,-01 00 40.5,0.109176,4,3,2,2,0.834,,,Simbad,97
168.001,29.4170278,http://vizier.u-strasbg.fr/viz-bin/VizieR-4?-info=XML&-out.add=.&-source=J/MNRAS/453/1965&Group= 98,11 12 00.24,+29 25 01.3,0.033857,4,4,3,1,1.241,,,Simbad,98
168.433625,39.3359167,http://vizier.u-strasbg.fr/viz-bin/VizieR-4?-info=XML&-out.add=.&-source=J/MNRAS/453/1965&Group= 99,11 13 44.07,+39 20 09.3,0.07595,4,4,3,1,0.935,,,Simbad,99
169.5151667,30.5349722,http://vizier.u-strasbg.fr/viz-bin/VizieR-4?-info=XML&-out.add=.&-source=J/MNRAS/453/1965&Group=100,11 18 03.64,+30 32 05.9,0.060382,4,4,3,1,1.106,,,Simbad,100
169.9204167,-6.509,http://vizier.u-strasbg.fr/viz-bin/VizieR-4?-info=XML&-out.add=.&-source=J/MNRAS/453/1965&Group=101,11 19 40.90,-06 30 32.4,0.06271,4,4,1,1,0.9,,,Simbad,101
170.5192083,42.8034722,http://vizier.u-strasbg.fr/viz-bin/VizieR-4?-info=XML&-out.add=.&-source=J/MNRAS/453/1965&Group=102,11 22 04.61,+42 48 12.5,0.071656,4,3,2,2,0.994,,,Simbad,102
170.6806667,46.8744167,http://vizier.u-strasbg.fr/viz-bin/VizieR-4?-info=XML&-out.add=.&-source=J/MNRAS/453/1965&Group=103,11 22 43.36,+46 52 27.9,0.053545,4,4,3,3,0.936,76.99,138.7,Simbad,103
171.9639167,-0.4691111,http://vizier.u-strasbg.fr/viz-bin/VizieR-4?-info=XML&-out.add=.&-source=J/MNRAS/453/1965&Group=104,11 27 51.34,-00 28 08.8,0.062177,4,3,3,3,1.089,81.53,175.76,Simbad,104
172.9442083,15.4056111,http://vizier.u-strasbg.fr/viz-bin/VizieR-4?-info=XML&-out.add=.&-source=J/MNRAS/453/1965&Group=105,11 31 46.61,+15 24 20.2,0.068909,4,4,3,3,0.823,94.13,21.54,Simbad,105
173.856125,54.9633889,http://vizier.u-strasbg.fr/viz-bin/VizieR-4?-info=XML&-out.add=.&-source=J/MNRAS/453/1965&Group=106,11 35 25.47,+54 57 48.2,0.055501,4,4,3,2,1.045,,,Simbad,106
174.1665417,21.6947222,http://vizier.u-strasbg.fr/viz-bin/VizieR-4?-info=XML&-out.add=.&-source=J/MNRAS/453/1965&Group=107,11 36 39.97,+21 41 41.0,0.062911,4,4,4,3,1.223,63.0,160.14,Simbad,107
174.257125,12.4555833,http://vizier.u-strasbg.fr/viz-bin/VizieR-4?-info=XML&-out.add=.&-source=J/MNRAS/453/1965&Group=108,11 37 01.71,+12 27 20.1,0.117987,4,4,2,2,0.557,,,Simbad,108
174.7291667,3.5858056,http://vizier.u-strasbg.fr/viz-bin/VizieR-4?-info=XML&-out.add=.&-source=J/MNRAS/453/1965&Group=109,11 38 55.00,+03 35 08.9,0.018672,4,3,2,2,0.634,,,Simbad,109
178.3621667,58.1245278,http://vizier.u-strasbg.fr/viz-bin/VizieR-4?-info=XML&-out.add=.&-source=J/MNRAS/453/1965&Group=110,11 53 26.92,+58 07 28.3,0.065903,4,3,3,3,0.948,97.85,335.58,Simbad,110
178.4711667,51.037,http://vizier.u-strasbg.fr/viz-bin/VizieR-4?-info=XML&-out.add=.&-source=J/MNRAS/453/1965&Group=111,11 53 53.08,+51 02 13.2,0.078598,4,4,3,1,1.351,,,Simbad,111
179.06975,25.3738333,http://vizier.u-strasbg.fr/viz-bin/VizieR-4?-info=XML&-out.add=.&-source=J/MNRAS/453/1965&Group=112,11 56 16.74,+25 22 25.8,0.015781,4,3,2,1,1.176,,,Simbad,112
179.1885,22.5009167,http://vizier.u-strasbg.fr/viz-bin/VizieR-4?-info=XML&-out.add=.&-source=J/MNRAS/453/1965&Group=113,11 56 45.24,+22 30 03.3,0.08939,4,4,1,1,0.367,,,Simbad,113
182.5339583,44.6643056,http://vizier.u-strasbg.fr/viz-bin/VizieR-4?-info=XML&-out.add=.&-source=J/MNRAS/453/1965&Group=114,12 10 08.15,+44 39 51.5,0.022862,4,4,4,1,1.178,,,Simbad,114
183.445125,42.7674722,http://vizier.u-strasbg.fr/viz-bin/VizieR-4?-info=XML&-out.add=.&-source=J/MNRAS/453/1965&Group=115,12 13 46.83,+42 46 02.9,0.099166,4,4,2,1,0.901,,,Simbad,115
183.7869167,41.27375,http://vizier.u-strasbg.fr/viz-bin/VizieR-4?-info=XML&-out.add=.&-source=J/MNRAS/453/1965&Group=116,12 15 08.86,+41 16 25.5,0.037826,4,4,2,1,1.416,,,Simbad,116
184.4374583,20.74375,http://vizier.u-strasbg.fr/viz-bin/VizieR-4?-info=XML&-out.add=.&-source=J/MNRAS/453/1965&Group=117,12 17 44.99,+20 44 37.5,0.121928,4,4,3,2,0.567,,,Simbad,117
184.9315,65.1046389,http://vizier.u-strasbg.fr/viz-bin/VizieR-4?-info=XML&-out.add=.&-source=J/MNRAS/453/1965&Group=118,12 19 43.56,+65 06 16.7,0.081962,4,4,3,1,1.055,,,Simbad,118
186.9739167,36.3610278,http://vizier.u-strasbg.fr/viz-bin/VizieR-4?-info=XML&-out.add=.&-source=J/MNRAS/453/1965&Group=119,12 27 53.74,+36 21 39.7,0.033848,4,2,2,2,0.903,,,Simbad,119
187.3144167,38.9423611,http://vizier.u-strasbg.fr/viz-bin/VizieR-4?-info=XML&-out.add=.&-source=J/MNRAS/453/1965&Group=120,12 29 15.46,+38 56 32.5,0.052832,4,3,1,1,0.942,,,Simbad,120
188.4127083,19.8657222,http://vizier.u-strasbg.fr/viz-bin/VizieR-4?-info=XML&-out.add=.&-source=J/MNRAS/453/1965&Group=121,12 33 39.05,+19 51 56.6,0.073587,4,4,3,3,1.17,96.17,76.06,Simbad,121
190.3262083,18.3067222,http://vizier.u-strasbg.fr/viz-bin/VizieR-4?-info=XML&-out.add=.&-source=J/MNRAS/453/1965&Group=122,12 41 18.29,+18 18 24.2,0.070976,4,4,3,2,1.254,,,Simbad,122
190.362375,52.8048333,http://vizier.u-strasbg.fr/viz-bin/VizieR-4?-info=XML&-out.add=.&-source=J/MNRAS/453/1965&Group=123,12 41 26.97,+52 48 17.4,0.054238,4,4,3,2,1.187,,,Simbad,123
191.2678333,35.6455,http://vizier.u-strasbg.fr/viz-bin/VizieR-4?-info=XML&-out.add=.&-source=J/MNRAS/453/1965&Group=124,12 45 04.28,+35 38 43.8,,4,4,0,0,1.068,,,Simbad,124
191.297875,23.0356389,http://vizier.u-strasbg.fr/viz-bin/VizieR-4?-info=XML&-out.add=.&-source=J/MNRAS/453/1965&Group=125,12 45 11.49,+23 02 08.3,0.023099,4,2,2,2,0.582,,,Simbad,125
195.7327917,5.5228889,http://vizier.u-strasbg.fr/viz-bin/VizieR-4?-info=XML&-out.add=.&-source=J/MNRAS/453/1965&Group=126,13 02 55.87,+05 31 22.4,0.069274,4,4,4,4,0.77,72.2,202.75,Simbad,126
196.2650417,40.7613611,http://vizier.u-strasbg.fr/viz-bin/VizieR-4?-info=XML&-out.add=.&-source=J/MNRAS/453/1965&Group=127,13 05 03.61,+40 45 40.9,0.035248,4,4,3,2,1.016,,,Simbad,127
196.744625,40.0268333,http://vizier.u-strasbg.fr/viz-bin/VizieR-4?-info=XML&-out.add=.&-source=J/MNRAS/453/1965&Group=128,13 06 58.71,+40 01 36.6,0.074874,4,4,2,2,0.572,,,Simbad,128
197.192875,28.8849722,http://vizier.u-strasbg.fr/viz-bin/VizieR-4?-info=XML&-out.add=.&-source=J/MNRAS/453/1965&Group=129,13 08 46.29,+28 53 05.9,0.060895,4,4,4,1,0.764,,,Simbad,129
197.4750417,30.4240278,http://vizier.u-strasbg.fr/viz-bin/VizieR-4?-info=XML&-out.add=.&-source=J/MNRAS/453/1965&Group=130,13 09 54.01,+30 25 26.5,0.050614,4,4,2,2,0.931,,,Simbad,130
198.0149167,59.8304722,http://vizier.u-strasbg.fr/viz-bin/VizieR-4?-info=XML&-out.add=.&-source=J/MNRAS/453/1965&Group=131,13 12 03.58,+59 49 49.7,0.076899,4,3,2,2,0.825,,,Simbad,131
198.272625,12.6891111,http://vizier.u-strasbg.fr/viz-bin/VizieR-4?-info=XML&-out.add=.&-source=J/MNRAS/453/1965&Group=132,13 13 05.43,+12 41 20.8,0.029737,4,4,4,1,1.45,,,Simbad,132
198.451625,6.97325,http://vizier.u-strasbg.fr/viz-bin/VizieR-4?-info=XML&-out.add=.&-source=J/MNRAS/453/1965&Group=133,13 13 48.39,+06 58 23.7,0.021535,4,4,3,3,1.401,57.66,481.67,Simbad,133
198.573875,17.2259444,http://vizier.u-strasbg.fr/viz-bin/VizieR-4?-info=XML&-out.add=.&-source=J/MNRAS/453/1965&Group=134,13 14 17.73,+17 13 33.4,0.072774,4,4,2,2,1.16,,,Simbad,134
198.67675,21.8040556,http://vizier.u-strasbg.fr/viz-bin/VizieR-4?-info=XML&-out.add=.&-source=J/MNRAS/453/1965&Group=135,13 14 42.42,+21 48 14.6,0.0629,4,4,3,3,0.818,78.09,32.66,Simbad,135
199.72225,33.5453889,http://vizier.u-strasbg.fr/viz-bin/VizieR-4?-info=XML&-out.add=.&-source=J/MNRAS/453/1965&Group=136,13 18 53.34,+33 32 43.4,0.038,4,4,2,1,1.219,,,Simbad,136
200.2055,34.1974722,http://vizier.u-strasbg.fr/viz-bin/VizieR-4?-info=XML&-out.add=.&-source=J/MNRAS/453/1965&Group=137,13 20 49.32,+34 11 50.9,0.064273,4,4,4,1,1.612,,,Simbad,137
202.0185833,31.9395833,http://vizier.u-strasbg.fr/viz-bin/VizieR-4?-info=XML&-out.add=.&-source=J/MNRAS/453/1965&Group=138,13 28 04.46,+31 56 22.5,0.038434,4,4,3,1,1.308,,,Simbad,138
202.490125,9.4221667,http://vizier.u-strasbg.fr/viz-bin/VizieR-4?-info=XML&-out.add=.&-source=J/MNRAS/453/1965&Group=139,13 29 57.63,+09 25 19.8,0.022088,4,4,2,1,1.104,,,Simbad,139
203.32775,11.0959444,http://vizier.u-strasbg.fr/viz-bin/VizieR-4?-info=XML&-out.add=.&-source=J/MNRAS/453/1965&Group=140,13 33 18.66,+11 05 45.4,0.090623,4,4,3,1,1.19,,,Simbad,140
203.68975,33.8934722,http://vizier.u-strasbg.fr/viz-bin/VizieR-4?-info=XML&-out.add=.&-source=J/MNRAS/453/1965&Group=141,13 34 45.54,+33 53 36.5,0.023199,4,3,2,1,0.919,,,Simbad,141
203.8754167,80.5178056,http://vizier.u-strasbg.fr/viz-bin/VizieR-4?-info=XML&-out.add=.&-source=J/MNRAS/453/1965&Group=142,13 35 30.10,+80 31 04.1,0.0502,4,4,4,1,0.937,,,Simbad,142
204.8755417,4.5108889,http://vizier.u-strasbg.fr/viz-bin/VizieR-4?-info=XML&-out.add=.&-source=J/MNRAS/453/1965&Group=143,13 39 30.13,+04 30 39.2,0.023027,4,4,2,2,0.534,,,Simbad,143
206.3775,18.2231389,http://vizier.u-strasbg.fr/viz-bin/VizieR-4?-info=XML&-out.add=.&-source=J/MNRAS/453/1965&Group=144,13 45 30.60,+18 13 23.3,0.081961,4,3,2,1,1.131,,,Simbad,144
206.85125,-30.4259444,http://vizier.u-strasbg.fr/viz-bin/VizieR-4?-info=XML&-out.add=.&-source=J/MNRAS/453/1965&Group=145,13 47 24.30,-30 25 33.4,0.014489,4,4,2,2,1.173,,,Simbad,145
206.8652083,32.5175,http://vizier.u-strasbg.fr/viz-bin/VizieR-4?-info=XML&-out.add=.&-source=J/MNRAS/453/1965&Group=146,13 47 27.65,+32 31 03.0,0.13067,4,4,3,2,1.029,,,Simbad,146
207.3410417,21.6881389,http://vizier.u-strasbg.fr/viz-bin/VizieR-4?-info=XML&-out.add=.&-source=J/MNRAS/453/1965&Group=147,13 49 21.85,+21 41 17.3,0.062163,4,3,1,1,1.07,,,Simbad,147
208.8416667,6.5582222,http://vizier.u-strasbg.fr/viz-bin/VizieR-4?-info=XML&-out.add=.&-source=J/MNRAS/453/1965&Group=148,13 55 22.00,+06 33 29.6,0.083417,4,4,3,3,1.03,135.98,152.53,Simbad,148
210.4530417,-3.1814444,http://vizier.u-strasbg.fr/viz-bin/VizieR-4?-info=XML&-out.add=.&-source=J/MNRAS/453/1965&Group=149,14 01 48.73,-03 10 53.2,0.067788,4,4,3,3,1.519,198.36,42.47,Simbad,149
210.57925,54.4900833,http://vizier.u-strasbg.fr/viz-bin/VizieR-4?-info=XML&-out.add=.&-source=J/MNRAS/453/1965&Group=150,14 02 19.02,+54 29 24.3,,4,3,0,0,0.784,,,Simbad,150
210.9809583,26.3733056,http://vizier.u-strasbg.fr/viz-bin/VizieR-4?-info=XML&-out.add=.&-source=J/MNRAS/453/1965&Group=151,14 03 55.43,+26 22 23.9,0.088811,4,4,2,2,0.994,,,Simbad,151
211.1970833,24.1832222,http://vizier.u-strasbg.fr/viz-bin/VizieR-4?-info=XML&-out.add=.&-source=J/MNRAS/453/1965&Group=152,14 04 47.30,+24 10 59.6,0.062093,4,4,2,2,1.058,,,Simbad,152
211.6895417,47.2800833,http://vizier.u-strasbg.fr/viz-bin/VizieR-4?-info=XML&-out.add=.&-source=J/MNRAS/453/1965&Group=153,14 06 45.49,+47 16 48.3,0.059873,4,3,1,1,0.772,,,Simbad,153
212.85225,-29.6494722,http://vizier.u-strasbg.fr/viz-bin/VizieR-4?-info=XML&-out.add=.&-source=J/MNRAS/453/1965&Group=154,14 11 24.54,-29 38 58.1,0.037372,4,3,1,1,1.257,,,Simbad,154
213.2272083,23.3314167,http://vizier.u-strasbg.fr/viz-bin/VizieR-4?-info=XML&-out.add=.&-source=J/MNRAS/453/1965&Group=155,14 12 54.53,+23 19 53.1,0.059727,4,4,2,2,0.75,,,Simbad,155
215.156625,26.8581944,http://vizier.u-strasbg.fr/viz-bin/VizieR-4?-info=XML&-out.add=.&-source=J/MNRAS/453/1965&Group=156,14 20 37.59,+26 51 29.5,0.036572,4,4,2,1,0.898,,,Simbad,156
215.5055417,28.8665,http://vizier.u-strasbg.fr/viz-bin/VizieR-4?-info=XML&-out.add=.&-source=J/MNRAS/453/1965&Group=157,14 22 01.33,+28 51 59.4,0.03249,4,3,2,2,0.436,,,Simbad,157
216.5459167,29.7204444,http://vizier.u-strasbg.fr/viz-bin/VizieR-4?-info=XML&-out.add=.&-source=J/MNRAS/453/1965&Group=158,14 26 11.02,+29 43 13.6,0.059054,4,4,4,3,1.338,145.42,119.75,Simbad,158
219.2374167,12.1613056,http://vizier.u-strasbg.fr/viz-bin/VizieR-4?-info=XML&-out.add=.&-source=J/MNRAS/453/1965&Group=159,14 36 56.98,+12 09 40.7,0.054917,4,3,2,2,1.574,,,Simbad,159
219.7087917,9.0435,http://vizier.u-strasbg.fr/viz-bin/VizieR-4?-info=XML&-out.add=.&-source=J/MNRAS/453/1965&Group=160,14 38 50.11,+09 02 36.6,0.030822,4,4,3,2,1.219,,,Simbad,160
220.7680833,61.3133056,http://vizier.u-strasbg.fr/viz-bin/VizieR-4?-info=XML&-out.add=.&-source=J/MNRAS/453/1965&Group=161,14 43 04.34,+61 18 47.9,0.049216,4,3,3,3,0.563,39.88,245.29,Simbad,161
222.7092083,21.7483611,http://vizier.u-strasbg.fr/viz-bin/VizieR-4?-info=XML&-out.add=.&-source=J/MNRAS/453/1965&Group=162,14 50 50.21,+21 44 54.1,0.059624,4,4,2,1,1.367,,,Simbad,162
224.680625,53.8741944,http://vizier.u-strasbg.fr/viz-bin/VizieR-4?-info=XML&-out.add=.&-source=J/MNRAS/453/1965&Group=163,14 58 43.35,+53 52 27.1,0.02624,4,3,3,1,0.95,,,Simbad,163
226.2723333,8.7248056,http://vizier.u-strasbg.fr/viz-bin/VizieR-4?-info=XML&-out.add=.&-source=J/MNRAS/453/1965&Group=164,15 05 05.36,+08 43 29.3,0.073959,4,4,2,2,1.11,,,Simbad,164
226.8839167,28.8340833,http://vizier.u-strasbg.fr/viz-bin/VizieR-4?-info=XML&-out.add=.&-source=J/MNRAS/453/1965&Group=165,15 07 32.14,+28 50 02.7,0.05829,4,2,2,2,1.527,,,Simbad,165
227.270875,61.9424722,http://vizier.u-strasbg.fr/viz-bin/VizieR-4?-info=XML&-out.add=.&-source=J/MNRAS/453/1965&Group=166,15 09 05.01,+61 56 32.9,0.10765,4,3,2,2,0.926,,,Simbad,166
227.771125,39.4765278,http://vizier.u-strasbg.fr/viz-bin/VizieR-4?-info=XML&-out.add=.&-source=J/MNRAS/453/1965&Group=167,15 11 05.07,+39 28 35.5,0.057599,4,3,2,2,1.024,,,Simbad,167
228.1649583,26.5730278,http://vizier.u-strasbg.fr/viz-bin/VizieR-4?-info=XML&-out.add=.&-source=J/MNRAS/453/1965&Group=168,15 12 39.59,+26 34 22.9,0.033186,4,3,2,2,1.081,,,Simbad,168
228.5784167,46.1122778,http://vizier.u-strasbg.fr/viz-bin/VizieR-4?-info=XML&-out.add=.&-source=J/MNRAS/453/1965&Group=169,15 14 18.82,+46 06 44.2,0.036939,4,4,4,3,0.938,47.41,56.71,Simbad,169
230.173375,30.4668056,http://vizier.u-strasbg.fr/viz-bin/VizieR-4?-info=XML&-out.add=.&-source=J/MNRAS/453/1965&Group=170,15 20 41.61,+30 28 00.5,0.080169,4,3,3,2,1.175,,,Simbad,170
230.946375,2.6689167,http://vizier.u-strasbg.fr/viz-bin/VizieR-4?-info=XML&-out.add=.&-source=J/MNRAS/453/1965&Group=171,15 23 47.13,+02 40 08.1,0.020865,4,4,4,1,1.115,,,Simbad,171
232.7852917,3.8301111,http://vizier.u-strasbg.fr/viz-bin/VizieR-4?-info=XML&-out.add=.&-source=J/MNRAS/453/1965&Group=172,15 31 08.47,+03 49 48.4,0.039322,4,3,1,1,0.628,,,Simbad,172
235.7978333,53.2264444,http://vizier.u-strasbg.fr/viz-bin/VizieR-4?-info=XML&-out.add=.&-source=J/MNRAS/453/1965&Group=173,15 43 11.48,+53 13 35.2,0.042923,4,4,2,2,1.197,,,Simbad,173
236.4512083,44.2590278,http://vizier.u-strasbg.fr/viz-bin/VizieR-4?-info=XML&-out.add=.&-source=J/MNRAS/453/1965&Group=174,15 45 48.29,+44 15 32.5,0.034687,4,4,3,2,0.784,,,Simbad,174
237.7314583,34.0965556,http://vizier.u-strasbg.fr/viz-bin/VizieR-4?-info=XML&-out.add=.&-source=J/MNRAS/453/1965&Group=175,15 50 55.55,+34 05 47.6,0.052965,4,4,4,3,1.528,79.81,187.39,Simbad,175
238.3765833,20.9671667,http://vizier.u-strasbg.fr/viz-bin/VizieR-4?-info=XML&-out.add=.&-source=J/MNRAS/453/1965&Group=176,15 53 30.38,+20 58 01.8,0.01876,4,3,3,2,0.863,,,Simbad,176
238.6680833,30.1247778,http://vizier.u-strasbg.fr/viz-bin/VizieR-4?-info=XML&-out.add=.&-source=J/MNRAS/453/1965&Group=177,15 54 40.34,+30 07 29.2,0.082868,4,3,2,2,1.109,,,Simbad,177
241.1669167,26.6237222,http://vizier.u-strasbg.fr/viz-bin/VizieR-4?-info=XML&-out.add=.&-source=J/MNRAS/453/1965&Group=178,16 04 40.06,+26 37 25.4,0.117894,4,4,3,2,1.054,,,Simbad,178
244.193625,56.3481111,http://vizier.u-strasbg.fr/viz-bin/VizieR-4?-info=XML&-out.add=.&-source=J/MNRAS/453/1965&Group=179,16 16 46.47,+56 20 53.2,,4,3,0,0,1.225,,,Simbad,179
244.4440833,41.8928056,http://vizier.u-strasbg.fr/viz-bin/VizieR-4?-info=XML&-out.add=.&-source=J/MNRAS/453/1965&Group=180,16 17 46.58,+41 53 34.1,0.060512,4,3,3,1,1.26,,,Simbad,180
245.8170833,15.8041667,http://vizier.u-strasbg.fr/viz-bin/VizieR-4?-info=XML&-out.add=.&-source=J/MNRAS/453/1965&Group=181,16 23 16.10,+15 48 15.0,0.033885,4,3,2,2,0.795,,,Simbad,181
249.9190417,39.5278611,http://vizier.u-strasbg.fr/viz-bin/VizieR-4?-info=XML&-out.add=.&-source=J/MNRAS/453/1965&Group=182,16 39 40.57,+39 31 40.3,0.029917,4,4,3,3,1.022,56.22,232.0,Simbad,182
261.6569583,32.2238611,http://vizier.u-strasbg.fr/viz-bin/VizieR-4?-info=XML&-out.add=.&-source=J/MNRAS/453/1965&Group=183,17 26 37.67,+32 13 25.9,1.09,4,4,1,1,1.311,,,Simbad,183
303.7435,-66.2854722,http://vizier.u-strasbg.fr/viz-bin/VizieR-4?-info=XML&-out.add=.&-source=J/MNRAS/453/1965&Group=184,20 14 58.44,-66 17 07.7,,4,3,0,0,0.417,,,Simbad,184
312.4865,-48.9050278,http://vizier.u-strasbg.fr/viz-bin/VizieR-4?-info=XML&-out.add=.&-source=J/MNRAS/453/1965&Group=185,20 49 56.76,-48 54 18.1,0.030818,4,3,1,1,1.073,,,Simbad,185
314.48475,-24.9644167,http://vizier.u-strasbg.fr/viz-bin/VizieR-4?-info=XML&-out.add=.&-source=J/MNRAS/453/1965&Group=186,20 57 56.34,-24 57 51.9,0.094365,4,3,1,1,1.032,,,Simbad,186
314.67075,-48.5573889,http://vizier.u-strasbg.fr/viz-bin/VizieR-4?-info=XML&-out.add=.&-source=J/MNRAS/453/1965&Group=187,20 58 40.98,-48 33 26.6,,4,3,0,0,0.953,,,Simbad,187
314.86375,-60.6632222,http://vizier.u-strasbg.fr/viz-bin/VizieR-4?-info=XML&-out.add=.&-source=J/MNRAS/453/1965&Group=188,20 59 27.30,-60 39 47.6,0.055752,4,3,1,1,0.943,,,Simbad,188
319.3525,-35.9165556,http://vizier.u-strasbg.fr/viz-bin/VizieR-4?-info=XML&-out.add=.&-source=J/MNRAS/453/1965&Group=189,21 17 24.60,-35 54 59.6,0.029797,4,4,1,1,0.789,,,Simbad,189
319.51275,-50.7521944,http://vizier.u-strasbg.fr/viz-bin/VizieR-4?-info=XML&-out.add=.&-source=J/MNRAS/453/1965&Group=190,21 18 03.06,-50 45 07.9,0.073594,4,3,1,1,1.123,,,Simbad,190
322.31275,-31.0285,http://vizier.u-strasbg.fr/viz-bin/VizieR-4?-info=XML&-out.add=.&-source=J/MNRAS/453/1965&Group=191,21 29 15.06,-31 01 42.6,,4,4,0,0,0.8,,,Simbad,191
326.1695,-20.0708889,http://vizier.u-strasbg.fr/viz-bin/VizieR-4?-info=XML&-out.add=.&-source=J/MNRAS/453/1965&Group=192,21 44 40.68,-20 04 15.2,0.034502,4,3,1,1,1.044,,,Simbad,192
327.70325,-61.7411667,http://vizier.u-strasbg.fr/viz-bin/VizieR-4?-info=XML&-out.add=.&-source=J/MNRAS/453/1965&Group=193,21 50 48.78,-61 44 28.2,0.051666,4,4,1,1,1.112,,,Simbad,193
330.18975,-42.8210556,http://vizier.u-strasbg.fr/viz-bin/VizieR-4?-info=XML&-out.add=.&-source=J/MNRAS/453/1965&Group=194,22 00 45.54,-42 49 15.8,0.067693,4,4,1,1,0.902,,,Simbad,194
330.62375,-22.8943333,http://vizier.u-strasbg.fr/viz-bin/VizieR-4?-info=XML&-out.add=.&-source=J/MNRAS/453/1965&Group=195,22 02 29.70,-22 53 39.6,0.070804,4,4,2,2,1.072,,,Simbad,195
332.132,-57.2888333,http://vizier.u-strasbg.fr/viz-bin/VizieR-4?-info=XML&-out.add=.&-source=J/MNRAS/453/1965&Group=196,22 08 31.68,-57 17 19.8,0.0342,4,3,1,1,0.714,,,Simbad,196
332.2606667,17.8313333,http://vizier.u-strasbg.fr/viz-bin/VizieR-4?-info=XML&-out.add=.&-source=J/MNRAS/453/1965&Group=197,22 09 02.56,+17 49 52.8,0.045318,4,2,2,2,0.916,,,Simbad,197
334.5145,-25.6858889,http://vizier.u-strasbg.fr/viz-bin/VizieR-4?-info=XML&-out.add=.&-source=J/MNRAS/453/1965&Group=198,22 18 03.48,-25 41 09.2,0.009126,4,4,4,1,1.362,,,Simbad,198
334.67125,-24.1791944,http://vizier.u-strasbg.fr/viz-bin/VizieR-4?-info=XML&-out.add=.&-source=J/MNRAS/453/1965&Group=199,22 18 41.10,-24 10 45.1,0.0332,4,4,3,2,1.201,,,Simbad,199
335.2065,-69.7766667,http://vizier.u-strasbg.fr/viz-bin/VizieR-4?-info=XML&-out.add=.&-source=J/MNRAS/453/1965&Group=200,22 20 49.56,-69 46 36.0,,4,4,0,0,1.373,,,Simbad,200
335.604,-61.2837222,http://vizier.u-strasbg.fr/viz-bin/VizieR-4?-info=XML&-out.add=.&-source=J/MNRAS/453/1965&Group=201,22 22 24.96,-61 17 01.4,0.044191,4,3,1,1,1.055,,,Simbad,201
336.3725,-27.7033611,http://vizier.u-strasbg.fr/viz-bin/VizieR-4?-info=XML&-out.add=.&-source=J/MNRAS/453/1965&Group=202,22 25 29.40,-27 42 12.1,0.0509,4,4,3,2,0.719,,,Simbad,202
336.5065,-11.1270556,http://vizier.u-strasbg.fr/viz-bin/VizieR-4?-info=XML&-out.add=.&-source=J/MNRAS/453/1965&Group=203,22 26 01.56,-11 07 37.4,,4,4,0,0,1.392,,,Simbad,203
338.08475,-25.4391667,http://vizier.u-strasbg.fr/viz-bin/VizieR-4?-info=XML&-out.add=.&-source=J/MNRAS/453/1965&Group=204,22 32 20.34,-25 26 21.0,0.0363,4,4,3,1,1.469,,,Simbad,204
338.29575,-60.9226667,http://vizier.u-strasbg.fr/viz-bin/VizieR-4?-info=XML&-out.add=.&-source=J/MNRAS/453/1965&Group=205,22 33 10.98,-60 55 21.6,0.055379,4,4,2,2,0.874,,,Simbad,205
339.958,-47.4905278,http://vizier.u-strasbg.fr/viz-bin/VizieR-4?-info=XML&-out.add=.&-source=J/MNRAS/453/1965&Group=206,22 39 49.92,-47 29 25.9,,4,3,0,0,1.218,,,Simbad,206
340.1345,-38.36875,http://vizier.u-strasbg.fr/viz-bin/VizieR-4?-info=XML&-out.add=.&-source=J/MNRAS/453/1965&Group=207,22 40 32.28,-38 22 07.5,0.101173,4,3,1,1,1.177,,,Simbad,207
340.79825,-34.6319722,http://vizier.u-strasbg.fr/viz-bin/VizieR-4?-info=XML&-out.add=.&-source=J/MNRAS/453/1965&Group=208,22 43 11.58,-34 37 55.1,0.069,4,4,3,3,1.328,109.95,165.69,Simbad,208
343.2135,-24.9685833,http://vizier.u-strasbg.fr/viz-bin/VizieR-4?-info=XML&-out.add=.&-source=J/MNRAS/453/1965&Group=209,22 52 51.24,-24 58 06.9,0.0744,4,3,3,2,1.358,,,Simbad,209
343.5445,-18.1571111,http://vizier.u-strasbg.fr/viz-bin/VizieR-4?-info=XML&-out.add=.&-source=J/MNRAS/453/1965&Group=210,22 54 10.68,-18 09 25.6,0.0323,4,3,1,1,1.231,,,Simbad,210
343.97125,-55.6086111,http://vizier.u-strasbg.fr/viz-bin/VizieR-4?-info=XML&-out.add=.&-source=J/MNRAS/453/1965&Group=211,22 55 53.10,-55 36 31.0,,4,3,0,0,1.289,,,Simbad,211
345.3735,-20.0430278,http://vizier.u-strasbg.fr/viz-bin/VizieR-4?-info=XML&-out.add=.&-source=J/MNRAS/453/1965&Group=212,23 01 29.64,-20 02 34.9,,4,4,0,0,0.94,,,Simbad,212
347.446,-48.5678889,http://vizier.u-strasbg.fr/viz-bin/VizieR-4?-info=XML&-out.add=.&-source=J/MNRAS/453/1965&Group=213,23 09 47.04,-48 34 04.4,0.078681,4,4,1,1,0.858,,,Simbad,213
351.915,-47.0478333,http://vizier.u-strasbg.fr/viz-bin/VizieR-4?-info=XML&-out.add=.&-source=J/MNRAS/453/1965&Group=214,23 27 39.60,-47 02 52.2,0.050175,4,3,1,1,1.019,,,Simbad,214
352.37475,-32.4328056,http://vizier.u-strasbg.fr/viz-bin/VizieR-4?-info=XML&-out.add=.&-source=J/MNRAS/453/1965&Group=215,23 29 29.94,-32 25 58.1,0.12445,4,4,4,4,1.245,186.45,196.9,Simbad,215
352.546,-44.1920556,http://vizier.u-strasbg.fr/viz-bin/VizieR-4?-info=XML&-out.add=.&-source=J/MNRAS/453/1965&Group=216,23 30 11.04,-44 11 31.4,0.100413,4,3,1,1,1.032,,,Simbad,216
353.17325,-13.2091389,http://vizier.u-strasbg.fr/viz-bin/VizieR-4?-info=XML&-out.add=.&-source=J/MNRAS/453/1965&Group=217,23 32 41.58,-13 12 32.9,,4,4,0,0,1.093,,,Simbad,217
353.7625,-47.9746111,http://vizier.u-strasbg.fr/viz-bin/VizieR-4?-info=XML&-out.add=.&-source=J/MNRAS/453/1965&Group=218,23 35 03.00,-47 58 28.6,,4,4,0,0,0.946,,,Simbad,218
354.88475,-38.6698333,http://vizier.u-strasbg.fr/viz-bin/VizieR-4?-info=XML&-out.add=.&-source=J/MNRAS/453/1965&Group=219,23 39 32.34,-38 40 11.4,0.151401,4,4,1,1,0.737,,,Simbad,219
355.72325,-13.0584722,http://vizier.u-strasbg.fr/viz-bin/VizieR-4?-info=XML&-out.add=.&-source=J/MNRAS/453/1965&Group=220,23 42 53.58,-13 03 30.5,,4,3,0,0,0.741,,,Simbad,220
355.90125,-22.454,http://vizier.u-strasbg.fr/viz-bin/VizieR-4?-info=XML&-out.add=.&-source=J/MNRAS/453/1965&Group=221,23 43 36.30,-22 27 14.4,,4,3,0,0,1.153,,,Simbad,221
356.093,-26.0326389,http://vizier.u-strasbg.fr/viz-bin/VizieR-4?-info=XML&-out.add=.&-source=J/MNRAS/453/1965&Group=222,23 44 22.32,-26 01 57.5,0.065076,4,4,4,3,1.204,103.08,124.39,Simbad,222
357.5285,-47.1721389,http://vizier.u-strasbg.fr/viz-bin/VizieR-4?-info=XML&-out.add=.&-source=J/MNRAS/453/1965&Group=223,23 50 06.84,-47 10 19.7,0.004003,4,4,2,1,1.429,,,Simbad,223
357.8327917,20.5785278,http://vizier.u-strasbg.fr/viz-bin/VizieR-4?-info=XML&-out.add=.&-source=J/MNRAS/453/1965&Group=224,23 51 19.87,+20 34 42.7,0.018426,4,4,4,3,1.41,31.96,92.87,Simbad,224
358.7685,-50.0628611,http://vizier.u-strasbg.fr/viz-bin/VizieR-4?-info=XML&-out.add=.&-source=J/MNRAS/453/1965&Group=225,23 55 04.44,-50 03 46.3,,4,4,0,0,0.874,,,Simbad,225
359.8595,-20.3931111,http://vizier.u-strasbg.fr/viz-bin/VizieR-4?-info=XML&-out.add=.&-source=J/MNRAS/453/1965&Group=226,23 59 26.28,-20 23 35.2,,4,3,0,0,0.995,,,Simbad,226
4.2522917,-51.0608611,http://vizier.u-strasbg.fr/viz-bin/VizieR-4?-info=XML&-out.add=.&-source=J/MNRAS/453/1965&Group=227,00 17 00.55,-51 03 39.1,0.055448,5,5,1,1,1.444,,,Simbad,227
6.3470833,-21.6475278,http://vizier.u-strasbg.fr/viz-bin/VizieR-4?-info=XML&-out.add=.&-source=J/MNRAS/453/1965&Group=228,00 25 23.30,-21 38 51.1,,5,5,0,0,1.384,,,Simbad,228
26.580375,-7.3314722,http://vizier.u-strasbg.fr/viz-bin/VizieR-4?-info=XML&-out.add=.&-source=J/MNRAS/453/1965&Group=229,01 46 19.29,-07 19 53.3,,5,4,0,0,1.664,,,Simbad,229
27.481875,-27.81825,http://vizier.u-strasbg.fr/viz-bin/VizieR-4?-info=XML&-out.add=.&-source=J/MNRAS/453/1965&Group=230,01 49 55.65,-27 49 05.7,0.088395,5,4,3,2,0.838,,,Simbad,230
36.8229167,-3.8869167,http://vizier.u-strasbg.fr/viz-bin/VizieR-4?-info=XML&-out.add=.&-source=J/MNRAS/453/1965&Group=231,02 27 17.50,-03 53 12.9,0.043634,5,3,1,1,1.143,,,Simbad,231
43.7880833,-21.5945556,http://vizier.u-strasbg.fr/viz-bin/VizieR-4?-info=XML&-out.add=.&-source=J/MNRAS/453/1965&Group=232,02 55 09.14,-21 35 40.4,0.027396,5,5,1,1,1.155,,,Simbad,232
57.5072083,-15.3018056,http://vizier.u-strasbg.fr/viz-bin/VizieR-4?-info=XML&-out.add=.&-source=J/MNRAS/453/1965&Group=233,03 50 01.73,-15 18 06.5,,5,4,0,0,1.061,,,Simbad,233
66.4151667,-64.4605,http://vizier.u-strasbg.fr/viz-bin/VizieR-4?-info=XML&-out.add=.&-source=J/MNRAS/453/1965&Group=234,04 25 39.64,-64 27 37.8,,5,4,0,0,1.159,,,Simbad,234
66.7409167,-49.1194167,http://vizier.u-strasbg.fr/viz-bin/VizieR-4?-info=XML&-out.add=.&-source=J/MNRAS/453/1965&Group=235,04 26 57.82,-49 07 09.9,0.05828,5,5,1,1,0.953,,,Simbad,235
69.2939167,-46.6888333,http://vizier.u-strasbg.fr/viz-bin/VizieR-4?-info=XML&-out.add=.&-source=J/MNRAS/453/1965&Group=236,04 37 10.54,-46 41 19.8,,5,4,0,0,1.276,,,Simbad,236
71.5085833,-62.4041389,http://vizier.u-strasbg.fr/viz-bin/VizieR-4?-info=XML&-out.add=.&-source=J/MNRAS/453/1965&Group=237,04 46 02.06,-62 24 14.9,0.026321,5,3,1,1,1.569,,,Simbad,237
75.3168333,-18.1895833,http://vizier.u-strasbg.fr/viz-bin/VizieR-4?-info=XML&-out.add=.&-source=J/MNRAS/453/1965&Group=238,05 01 16.04,-18 11 22.5,,5,4,0,0,1.146,,,Simbad,238
80.7070417,-31.9501944,http://vizier.u-strasbg.fr/viz-bin/VizieR-4?-info=XML&-out.add=.&-source=J/MNRAS/453/1965&Group=239,05 22 49.69,-31 57 00.7,,5,5,0,0,0.9,,,Simbad,239
135.2590833,45.4613611,http://vizier.u-strasbg.fr/viz-bin/VizieR-4?-info=XML&-out.add=.&-source=J/MNRAS/453/1965&Group=240,09 01 02.18,+45 27 40.9,0.051464,5,4,3,3,1.313,135.66,182.43,Simbad,240
142.0176667,26.5060556,http://vizier.u-strasbg.fr/viz-bin/VizieR-4?-info=XML&-out.add=.&-source=J/MNRAS/453/1965&Group=241,09 28 04.24,+26 30 21.8,0.042539,5,3,2,2,0.937,,,Simbad,241
144.133125,59.4019722,http://vizier.u-strasbg.fr/viz-bin/VizieR-4?-info=XML&-out.add=.&-source=J/MNRAS/453/1965&Group=242,09 36 31.95,+59 24 07.1,0.040707,5,5,4,4,1.067,51.48,116.71,Simbad,242
146.8809583,30.4039444,http://vizier.u-strasbg.fr/viz-bin/VizieR-4?-info=XML&-out.add=.&-source=J/MNRAS/453/1965&Group=243,09 47 31.43,+30 24 14.2,0.019763,5,5,4,3,1.302,22.72,936.36,Simbad,243
149.917875,13.7074444,http://vizier.u-strasbg.fr/viz-bin/VizieR-4?-info=XML&-out.add=.&-source=J/MNRAS/453/1965&Group=244,09 59 40.29,+13 42 26.8,0.051286,5,3,2,2,0.972,,,Simbad,244
176.2140417,19.7873056,http://vizier.u-strasbg.fr/viz-bin/VizieR-4?-info=XML&-out.add=.&-source=J/MNRAS/453/1965&Group=245,11 44 51.37,+19 47 14.3,0.027549,5,4,4,3,1.123,55.21,129.8,Simbad,245
178.45425,21.22675,http://vizier.u-strasbg.fr/viz-bin/VizieR-4?-info=XML&-out.add=.&-source=J/MNRAS/453/1965&Group=246,11 53 49.02,+21 13 36.3,0.023058,5,5,3,2,1.585,,,Simbad,246
182.1747083,41.0981667,http://vizier.u-strasbg.fr/viz-bin/VizieR-4?-info=XML&-out.add=.&-source=J/MNRAS/453/1965&Group=247,12 08 41.93,+41 05 53.4,0.100144,5,4,3,2,1.243,,,Simbad,247
195.0275417,33.4267222,http://vizier.u-strasbg.fr/viz-bin/VizieR-4?-info=XML&-out.add=.&-source=J/MNRAS/453/1965&Group=248,13 00 06.61,+33 25 36.2,0.023498,5,3,1,1,1.614,,,Simbad,248
199.8880417,14.0915278,http://vizier.u-strasbg.fr/viz-bin/VizieR-4?-info=XML&-out.add=.&-source=J/MNRAS/453/1965&Group=249,13 19 33.13,+14 05 29.5,0.062973,5,4,1,1,1.048,,,Simbad,249
202.9732083,37.4572222,http://vizier.u-strasbg.fr/viz-bin/VizieR-4?-info=XML&-out.add=.&-source=J/MNRAS/453/1965&Group=250,13 31 53.57,+37 27 26.0,0.055718,5,4,2,2,1.523,,,Simbad,250
203.0454583,-38.88675,http://vizier.u-strasbg.fr/viz-bin/VizieR-4?-info=XML&-out.add=.&-source=J/MNRAS/453/1965&Group=251,13 32 10.91,-38 53 12.3,0.050331,5,3,3,3,1.139,95.91,456.66,Simbad,251
206.836,-30.3573889,http://vizier.u-strasbg.fr/viz-bin/VizieR-4?-info=XML&-out.add=.&-source=J/MNRAS/453/1965&Group=252,13 47 20.64,-30 21 26.6,,5,3,0,0,1.276,,,Simbad,252
210.575875,7.6864444,http://vizier.u-strasbg.fr/viz-bin/VizieR-4?-info=XML&-out.add=.&-source=J/MNRAS/453/1965&Group=253,14 02 18.21,+07 41 11.2,0.015217,5,4,2,1,0.984,,,Simbad,253
210.97425,54.1851944,http://vizier.u-strasbg.fr/viz-bin/VizieR-4?-info=XML&-out.add=.&-source=J/MNRAS/453/1965&Group=254,14 03 53.82,+54 11 06.7,,5,4,0,0,1.547,,,Simbad,254
211.0419583,54.2571111,http://vizier.u-strasbg.fr/viz-bin/VizieR-4?-info=XML&-out.add=.&-source=J/MNRAS/453/1965&Group=255,14 04 10.07,+54 15 25.6,,5,4,0,0,0.659,,,Simbad,255
211.851375,12.716,http://vizier.u-strasbg.fr/viz-bin/VizieR-4?-info=XML&-out.add=.&-source=J/MNRAS/453/1965&Group=256,14 07 24.33,+12 42 57.6,0.139371,5,5,3,2,1.253,,,Simbad,256
233.2950833,12.8795556,http://vizier.u-strasbg.fr/viz-bin/VizieR-4?-info=XML&-out.add=.&-source=J/MNRAS/453/1965&Group=257,15 33 10.82,+12 52 46.4,0.053224,5,5,3,2,1.029,,,Simbad,257
243.3022917,8.5478611,http://vizier.u-strasbg.fr/viz-bin/VizieR-4?-info=XML&-out.add=.&-source=J/MNRAS/453/1965&Group=258,16 13 12.55,+08 32 52.3,0.063233,5,5,4,3,1.7,91.76,85.29,Simbad,258
249.4189167,54.9756667,http://vizier.u-strasbg.fr/viz-bin/VizieR-4?-info=XML&-out.add=.&-source=J/MNRAS/453/1965&Group=259,16 37 40.54,+54 58 32.4,,5,5,0,0,1.073,,,Simbad,259
259.1441667,39.0879722,http://vizier.u-strasbg.fr/viz-bin/VizieR-4?-info=XML&-out.add=.&-source=J/MNRAS/453/1965&Group=260,17 16 34.60,+39 05 16.7,,5,4,0,0,1.645,,,Simbad,260
267.4914583,68.4053611,http://vizier.u-strasbg.fr/viz-bin/VizieR-4?-info=XML&-out.add=.&-source=J/MNRAS/453/1965&Group=261,17 49 57.95,+68 24 19.3,0.051225,5,4,3,3,1.19,53.04,219.04,Simbad,261
321.98475,-46.64275,http://vizier.u-strasbg.fr/viz-bin/VizieR-4?-info=XML&-out.add=.&-source=J/MNRAS/453/1965&Group=262,21 27 56.34,-46 38 33.9,0.046689,5,5,1,1,0.979,,,Simbad,262
323.84725,-49.93475,http://vizier.u-strasbg.fr/viz-bin/VizieR-4?-info=XML&-out.add=.&-source=J/MNRAS/453/1965&Group=263,21 35 23.34,-49 56 05.1,0.054924,5,3,2,2,0.87,,,Simbad,263
349.18325,-41.6555833,http://vizier.u-strasbg.fr/viz-bin/VizieR-4?-info=XML&-out.add=.&-source=J/MNRAS/453/1965&Group=264,23 16 43.98,-41 39 20.1,,5,4,0,0,1.304,,,Simbad,264
359.0346667,-17.23925,http://vizier.u-strasbg.fr/viz-bin/VizieR-4?-info=XML&-out.add=.&-source=J/MNRAS/453/1965&Group=265,23 56 08.32,-17 14 21.3,,5,5,0,0,0.99,,,Simbad,265
6.3019167,-60.6299444,http://vizier.u-strasbg.fr/viz-bin/VizieR-4?-info=XML&-out.add=.&-source=J/MNRAS/453/1965&Group=266,00 25 12.46,-60 37 47.8,0.031292,6,6,1,1,1.141,,,Simbad,266
24.8080417,-74.4229167,http://vizier.u-strasbg.fr/viz-bin/VizieR-4?-info=XML&-out.add=.&-source=J/MNRAS/453/1965&Group=267,01 39 13.93,-74 25 22.5,,6,3,0,0,1.023,,,Simbad,267
38.574625,-73.7201111,http://vizier.u-strasbg.fr/viz-bin/VizieR-4?-info=XML&-out.add=.&-source=J/MNRAS/453/1965&Group=268,02 34 17.91,-73 43 12.4,,6,3,0,0,1.339,,,Simbad,268
50.254375,-33.90475,http://vizier.u-strasbg.fr/viz-bin/VizieR-4?-info=XML&-out.add=.&-source=J/MNRAS/453/1965&Group=269,03 21 01.05,-33 54 17.1,0.070421,6,5,4,3,1.144,179.78,224.71,Simbad,269
61.54575,-36.9300833,http://vizier.u-strasbg.fr/viz-bin/VizieR-4?-info=XML&-out.add=.&-source=J/MNRAS/453/1965&Group=270,04 06 10.98,-36 55 48.3,,6,4,0,0,0.995,,,Simbad,270
72.387375,-73.06925,http://vizier.u-strasbg.fr/viz-bin/VizieR-4?-info=XML&-out.add=.&-source=J/MNRAS/453/1965&Group=271,04 49 32.97,-73 04 09.3,0.027543,6,3,2,2,1.263,,,Simbad,271
125.02,21.0713611,http://vizier.u-strasbg.fr/viz-bin/VizieR-4?-info=XML&-out.add=.&-source=J/MNRAS/453/1965&Group=272,08 20 04.80,+21 04 16.9,0.017462,6,4,3,1,1.583,,,Simbad,272
168.6338333,-0.8523056,http://vizier.u-strasbg.fr/viz-bin/VizieR-4?-info=XML&-out.add=.&-source=J/MNRAS/453/1965&Group=273,11 14 32.12,-00 51 08.3,0.06907,6,6,5,4,1.519,106.41,57.16,Simbad,273
185.3069167,49.4594444,http://vizier.u-strasbg.fr/viz-bin/VizieR-4?-info=XML&-out.add=.&-source=J/MNRAS/453/1965&Group=274,12 21 13.66,+49 27 34.0,0.045355,6,5,4,2,1.354,,,Simbad,274
230.495875,3.5601111,http://vizier.u-strasbg.fr/viz-bin/VizieR-4?-info=XML&-out.add=.&-source=J/MNRAS/453/1965&Group=275,15 21 59.01,+03 33 36.4,0.084655,6,5,4,4,0.701,72.12,268.79,Simbad,275
328.8692917,-20.8628889,http://vizier.u-strasbg.fr/viz-bin/VizieR-4?-info=XML&-out.add=.&-source=J/MNRAS/453/1965&Group=276,21 55 28.63,-20 51 46.4,0.066913,6,5,1,1,1.335,,,Simbad,276
31.2625833,-74.8638889,http://vizier.u-strasbg.fr/viz-bin/VizieR-4?-info=XML&-out.add=.&-source=J/MNRAS/453/1965&Group=277,02 05 03.02,-74 51 50.0,,7,3,0,0,1.597,,,Simbad,277
115.4828333,16.8259167,http://vizier.u-strasbg.fr/viz-bin/VizieR-4?-info=XML&-out.add=.&-source=J/MNRAS/453/1965&Group=278,07 41 55.88,+16 49 33.3,,7,4,0,0,1.103,,,Simbad,278
196.821,13.6491111,http://vizier.u-strasbg.fr/viz-bin/VizieR-4?-info=XML&-out.add=.&-source=J/MNRAS/453/1965&Group=279,13 07 17.04,+13 38 56.8,0.063226,7,6,5,1,1.704,,,Simbad,279
349.1871667,9.8156944,http://vizier.u-strasbg.fr/viz-bin/VizieR-4?-info=XML&-out.add=.&-source=J/MNRAS/453/1965&Group=280,23 16 44.92,+09 48 56.5,,7,3,0,0,1.114,,,Simbad,280
